Virtual_Lap,Total_Time,Max_Speed
1,30.698,32.14
2,49.875,32.14
3,31.225,29.53
4,28.501,34.2
5,29.694,36.51
6,29.244,36.51
7,28.725,34.23
8,28.878,34.23
9,29.569,33.45
10,29.096,33.45
11,29.828,32.85
12,29.513,32.85
13,30.396,31.88
14,29.704,31.88
15,30.209,31.34
16,30.761,31.34
17,30.221,31.34
18,29.672,32.48
19,32.006,32.48
20,32.047,30.4
21,39.084,29.69
22,38.319,31.34
23,31.52,31.17
24,31.735,32.99
25,32.955,28.68
26,33.029,29.69
27,30.781,29.69
28,30.537,30.06
29,30.86,29.86
30,33.25,28.25
31,31.21,30.84
32,30.706,30.84
33,35.639,31.0
34,37.498,21.87
35,34.198,26.33
36,33.196,26.33
37,32.629,29.36
38,31.461,29.36
39,32.749,28.75
40,33.853,28.62
41,33.239,24.92
42,30.858,30.9
43,32.96,30.9
44,32.928,29.02
45,31.712,29.89
46,32.79,31.58
47,43.062,20.05
